filename,status,url
Hige o soru 01 PL,,https://vwaw107.cda.pl/a-6UB-ffpZgsCmUgZf7THg/1696317157/lq267b668c64286fc18b9ee90072fa4425.mp4 
Hige o soru 02 PL,,https://vwaw345.cda.pl/qhQfSOlYP9_Tv81SqDxyCw/1696317678/lq2c13a8160812909a9a781576263ce5be.mp4 
Hige o soru 03 PL,,https://vwaw401.cda.pl/7U2luPBg7YbFx_j54qzUwA/1696317697/lq4cf92a99994942b4d2320eef8df386a1.mp4 
Hige o soru 04 PL,,https://vwaw682.cda.pl/kjLKkiUnFVVL4SrUgSFKqQ/1696317711/lq2a0a77f7313180d3b8935b5e78baca51.mp4 
Hige o soru 05 PL,,https://vwaw687.cda.pl/SEXqOCncDD3HTRLW9X0FzA/1696317725/lqf0a044e8591f1f67b96336db0e31ffd3.mp4 
Hige o soru 06 PL,,https://vwaw700.cda.pl/LCZPnJyreT3TuUuAJtPRjg/1696317739/lq0faea710d795ae76a036f0b4747cebde.mp4 
Hige o soru 07 PL,,https://vwaw698.cda.pl/Sq784Oiwi3AxZ77UW3eAZg/1696317761/lqdc0c1971f41cf08c11ff5b1857f0ea99.mp4 
Hige o soru 08 PL,,https://vwaw193.cda.pl/1y70sJCdaKuihQeDhMQy_g/1696317771/lqb7fa6e99de3517cd7cebbb8396f901a9.mp4 
Hige o soru 09 PL,,https://vwaw127.cda.pl/H1k-z-3VW3LjwoUKu08NXg/1696317803/lq008e1ed2069986b82810759c38101ebe.mp4 
Hige o soru 10 PL,,https://vwaw085.cda.pl/Nii6gGYt4fAwOcuRONXA-Q/1696317879/lq197aec311a6e9f634f4fcf05e0ace16d.mp4 
Hige o soru 11 PL,,https://vwaw129.cda.pl/oUTFhrVFI8DxmdmbkdHqwA/1696317892/lqbbb78871e70457d6b4a75a8a13be8247.mp4 
Hige o soru 12 PL,,https://vwaw316.cda.pl/qKBSnzryI7zKtQL43r2EXQ/1696317899/lqb61fd2f28f4fd2a17e13837bd401649d.mp4 
Hige o soru 13 PL,,https://vwaw046.cda.pl/tLugbRUqKModXpZbUd-s9A/1696317907/lq517a1a9120f3437df408d338c6cd093c.mp4 
Hige o soru opening,,https://vwaw091.cda.pl/6qBmue-uTdohHPIG0uYMwQ/1696317926/lq126780985c20a4144c769748f2cfcb5a.mp4 
